<?xml version="1.0" encoding="UTF-8"?>
<Feriados>
	<Feriado key="CONFRATERNIZACAO_UNIVERSAL" 		dia="1"				mes="1"		tipo="Nacional" local="Brasil"/>
	<Feriado key="TIRADENTES"						dia="21"			mes="4"		tipo="Nacional" local="Brasil"/>
	<Feriado key="TRABALHADOR"						dia="1"				mes="5"		tipo="Nacional" local="Brasil"/>
	<Feriado key="INDEPENDENCIA"					dia="7"				mes="9"		tipo="Nacional" local="Brasil"/>
	<Feriado key="NOSSA_SRA_APARECIDA"				dia="12"			mes="10"	tipo="Nacional" local="Brasil"/>
	<Feriado key="FINADOS"							dia="2"				mes="11"	tipo="Nacional" local="Brasil"/>
	<Feriado key="PROCLAMACAO_REPULBLICA"			dia="15"			mes="11"	tipo="Nacional" local="Brasil"/>
	<Feriado key="NATAL"							dia="25"			mes="12"	tipo="Nacional" local="Brasil"/>
</Feriados>