<?xml version="1.0" encoding="UTF-8"?>
<faces-config xmlns="http://java.sun.com/xml/ns/javaee"
	xmlns:xsi="http://www.w3.org/2001/XMLSchema-instance"
	xsi:schemaLocation="http://java.sun.com/xml/ns/javaee http://java.sun.com/xml/ns/javaee/web-facesconfig_1_2.xsd "
	version="1.2">
	<validator>
		<validator-id>StellaIEValidator</validator-id>
		<validator-class>
			br.com.caelum.stella.faces.validation.StellaIEValidator
		</validator-class>
	</validator>
	<validator>
		<validator-id>StellaCPFValidator</validator-id>
		<validator-class>
			br.com.caelum.stella.faces.validation.StellaCPFValidator
		</validator-class>
	</validator>
	<validator>
		<validator-id>StellaCNPJValidator</validator-id>
		<validator-class>
			br.com.caelum.stella.faces.validation.StellaCNPJValidator
		</validator-class>
	</validator>
	<validator>
		<validator-id>StellaTituloEleitoralValidator</validator-id>
		<validator-class>
			br.com.caelum.stella.faces.validation.StellaTituloEleitoralValidator
		</validator-class>
	</validator>
	<validator>
		<validator-id>StellaNITValidator</validator-id>
		<validator-class>
			br.com.caelum.stella.faces.validation.StellaNITValidator
		</validator-class>
	</validator>
</faces-config>
