<?xml version="1.0" encoding="UTF-8"?>
<fontFamilies>

	<fontFamily name="Arial">
		<normal>fonts/Arial.ttf</normal>
		<bold>fonts/Arial Bold.ttf</bold>
		<italic>fonts/Arial Italic.ttf</italic>
		<boldItalic>fonts/Arial Bold Italic.ttf</boldItalic>
		<pdfEmbedded>true</pdfEmbedded>
		<exportFonts>
			<export key="net.sf.jasperreports.html">Arial, Helvetica, sans-serif</export>
			<export key="net.sf.jasperreports.xhtml">Arial, Helvetica, sans-serif</export>
		</exportFonts>
	</fontFamily>


</fontFamilies>
