<assembly
	xmlns="http://maven.apache.org/plugins/maven-assembly-plugin/assembly/1.1.0"
	xmlns:xsi="http://www.w3.org/2001/XMLSchema-instance"
	xsi:schemaLocation="http://maven.apache.org/plugins/maven-assembly-plugin/assembly/1.1.0 http://maven.apache.org/xsd/assembly-1.1.0.xsd">
	<id>examples</id>
	<formats>
		<format>zip</format>
	</formats>
	<fileSets>
		<fileSet>
			<directory>src/examples/java</directory>
			<useDefaultExcludes>true</useDefaultExcludes>
			<outputDirectory>/</outputDirectory>
			<includes>
				<include>**/*.java</include>
			</includes>
		</fileSet>
		<fileSet>
			<directory>src/examples/resources</directory>
			<useDefaultExcludes>true</useDefaultExcludes>
			<outputDirectory>/resources</outputDirectory>
			<includes>
				<include>**/**</include>
			</includes>	
		</fileSet>
	</fileSets>
</assembly>		