<assembly
	xmlns="http://maven.apache.org/plugins/maven-assembly-plugin/assembly/1.1.0"
	xmlns:xsi="http://www.w3.org/2001/XMLSchema-instance"
	xsi:schemaLocation="http://maven.apache.org/plugins/maven-assembly-plugin/assembly/1.1.0 http://maven.apache.org/xsd/assembly-1.1.0.xsd">
	<id>dep</id>
	<formats>
		<format>jar</format>
	</formats>
	<includeBaseDirectory>false</includeBaseDirectory>
	<dependencySets>
		<dependencySet>
			<outputDirectory>/</outputDirectory>
			<useProjectArtifact>true</useProjectArtifact>
			<unpack>true</unpack>
			<excludes>
				<exclude>commons-lang:commons-lang</exclude>
				<exclude>log4j:log4j</exclude>
				<exclude>com.lowagie:itext</exclude>
			</excludes>
		</dependencySet>
	</dependencySets>
</assembly>