<?xml version="1.0" encoding="UTF-8" ?>
<web-fragment xmlns:xsi="http://www.w3.org/2001/XMLSchema-instance"
	xmlns="http://java.sun.com/xml/ns/javaee" xmlns:web="http://java.sun.com/xml/ns/javaee/web-app_2_5.xsd"
	xsi:schemaLocation="http://java.sun.com/xml/ns/javaee http://java.sun.com/xml/ns/javaee/web-fragment_3_0.xsd"
	id="WebAppFragment_ID" version="3.0">
		<name>servlets</name>
	    <servlet>
	        <servlet-name>JasperReportsImageServlet</servlet-name>
	        <servlet-class>net.sf.jasperreports.j2ee.servlets.ImageServlet</servlet-class>
	    </servlet>
	    <servlet-mapping>
	        <servlet-name>JasperReportsImageServlet</servlet-name>
	        <url-pattern>/stella-boleto</url-pattern>
	    </servlet-mapping>
	</web-fragment>