<?xml version="1.0"?>
<!DOCTYPE faces-config PUBLIC
  "-//Sun Microsystems, Inc.//DTD JavaServer Faces Config 1.0//EN"
  "http://java.sun.com/dtd/web-facesconfig_1_1.dtd" >
<faces-config>

        <!-- navigation rules for index.xhtml -->
        <navigation-rule>
                <from-view-id>/index.xhtml</from-view-id>
                <navigation-case>
                        <from-outcome>success</from-outcome>
                        <to-view-id>/hello.xhtml</to-view-id>
                </navigation-case>
        </navigation-rule>

</faces-config>
