<assembly>
  <id>src</id>
  <formats>
    <format>zip</format>
    <format>tar.gz</format>
  </formats>
  <fileSets>
    <fileSet>
      <directory>..</directory>
      <outputDirectory>/</outputDirectory>
      <excludes>
        <exclude>pom.xml</exclude>
        <exclude>src/main/assembly/**</exclude>
        <exclude>**/build/**</exclude>
        <exclude>**/target/**</exclude>
        <exclude>**/out/**</exclude>
        <exclude>**/.*/**</exclude>
        <exclude>**/.*</exclude>
        <exclude>**/cobertura.ser</exclude>
        <exclude>**/release.properties</exclude>
        <exclude>**/surefire*.properties</exclude>
        <exclude>**/*~</exclude>
        <exclude>**/*.bak</exclude>
        <exclude>**/*.classpath</exclude>
        <exclude>**/.DS_Store</exclude>
        <exclude>**/.ipr</exclude>
        <exclude>**/.iws</exclude>
        <exclude>**/.iml</exclude>
	<exclude>dist/**</exclude>
      </excludes>
    </fileSet>
  </fileSets>
</assembly>
