<assembly xmlns="http://maven.apache.org/POM/4.0.0"
          xmlns:xsi="http://www.w3.org/2001/XMLSchema-instance"
          xsi:schemaLocation="http://maven.apache.org/POM/4.0.0
                http://maven.apache.org/xsd/assembly-1.1.0-SNAPSHOT.xsd">
  <id>bin</id>
  <formats>
    <format>zip</format>
    <format>tar.gz</format>
  </formats>
  <fileSets>
    <fileSet>
      <directory>target/site</directory>
      <outputDirectory>doc</outputDirectory>
    </fileSet>
  </fileSets>
  <moduleSets>
    <moduleSet>
      <includes>
        <include>br.com.caelum.stella:caelum-stella-core</include>
      </includes>
      <binaries>
        <outputDirectory>${artifactId}</outputDirectory>
        <unpack>false</unpack>
      </binaries>
    </moduleSet>
    <moduleSet>
      <includes>
        <include>br.com.caelum.stella:caelum-stella-hibernate-validator</include>
      </includes>
      <binaries>
        <outputDirectory>${artifactId}</outputDirectory>
        <unpack>false</unpack>
      </binaries>
    </moduleSet>
  </moduleSets>
  <dependencySets>
    <dependencySet>
      <outputDirectory>/</outputDirectory>
    </dependencySet>
  </dependencySets>
</assembly>
