<assembly xmlns="http://maven.apache.org/POM/4.0.0"
          xmlns:xsi="http://www.w3.org/2001/XMLSchema-instance"
          xsi:schemaLocation="http://maven.apache.org/POM/4.0.0
                http://maven.apache.org/xsd/assembly-1.1.0-SNAPSHOT.xsd">
  <id>src</id>
  <formats>
    <format>zip</format>
    <format>tar.gz</format>
  </formats>
  <baseDirectory>${artifactId}-${version}-src</baseDirectory>
  <fileSets>
    <fileSet>
      <directory>${basedir}/stella-distribution/target/site</directory>
      <outputDirectory>docs/site</outputDirectory>
    </fileSet>
  </fileSets>
  <moduleSets>
    <moduleSet>
      <includes>
        <include>br.com.caelum.stella:caelum-stella-core</include>
        <include>br.com.caelum.stella:caelum-stella-boleto</include>
        <include>br.com.caelum.stella:caelum-stella-faces</include>
        <include>br.com.caelum.stella:caelum-stella-hibernate-validator</include>
      </includes>
      <sources>
        <fileSets>
          <fileSet>
            <excludes>
              <exclude>target/**</exclude>
              <exclude>**/.svn</exclude>
              <exclude>**/.project</exclude>
              <exclude>**/.classpath</exclude>
              <exclude>**/*.iml</exclude>
              <exclude>**/*.ipr</exclude>
              <exclude>**/*.iws</exclude>
            </excludes>
          </fileSet>
        </fileSets>
        <outputDirectoryMapping>${module.artifactId}</outputDirectoryMapping>
      </sources>
    </moduleSet>
  </moduleSets>
</assembly>
